company,notes,contacts
ACRP LTD.,"Address: 79 Shoemaker Street, Kitchener, Ontario, N2E 3B5
Website: https://www.acrpautomation.com
Phone: 519-886-0899
Email: not found
End product/capability: Industrial & Automotive - Tools & Equipment | Automated Clip Insertion | Ultrasonic Welding Cell
Proof: ACRP is your full-service engineering and automation supplier with in-house design and engineering expertise. Since 2001, ACRP has been building custom designed automation systems, with a large proportion of repeat business from Tier 1 and Tier 2 automotive plastics and metal manufacturing compan...
Ontario Made source: https://supportontariomade.ca/manufacturer/kitchener/acrp-ltd
CRM: not found in current CRM name baseline",No named operations/production/maintenance contact found in Codex public research pass.
Discovery Precision Machining Inc.,"Address: 701 Rowntree Dairy Road, Woodbridge, Ontario, Canada, L4L 5T9
Website: https://discovery-precision.com
Phone: (905) 264-8537
Email: not found
End product/capability: Industrial & Automotive - Tools & Equipment | Precision CNC Manufacturing Services | 701 Rowntree Dairy Road
Ontario Made source: https://supportontariomade.ca/manufacturer/woodbridge/discovery-precision-machining-inc
CRM: not found in current CRM name baseline",No named operations/production/maintenance contact found in Codex public research pass.
Robot Welding Services,"Address: 2697 Durante Way, Unit 1, Milton, Ontario, L9T5H5
Website: http://www.robotweldingservices.com
Phone: 6479220496
Email: not found
End product/capability: Industrial & Automotive - Tools & Equipment | Custom Welded Machined Parts
Proof: Robot Welding Services Inc. At Robot Welding Services Inc., we provide manufacturers and fabricators across Ontario with precision robotic welding and metal fabrication services . From prototypes to production runs, our team delivers consistent quality, repeatable results, and fast turnaround on ...
Ontario Made source: https://supportontariomade.ca/manufacturer/milton/robot-welding-services
CRM: not found in current CRM name baseline",No named operations/production/maintenance contact found in Codex public research pass.
Assembly Automation Alternatives Inc.,"Address: 4-7550 Highway 27, Woodbridge, Ontario, Canada, L4H 0S2
Website: https://auto-alt.com
Phone: 905-605-9200
Email: not found
End product/capability: Construction & Renovations - Commercial | Industrial & Automotive - Oils & Fluids | Industrial & Automotive - Printing & Design | Industrial & Automotive - Tools & Equipment | Technology - Electronics | Automated PV module Edge Sealing System | Hot melt pumping System | PV Module framing system | Laser processing systems | PV module JB Potting Systems
Ontario Made source: https://supportontariomade.ca/manufacturer/woodbridge/assembly-automation-alternatives-inc
CRM: not found in current CRM name baseline",No named operations/production/maintenance contact found in Codex public research pass.
S.R.Graphics Ltd,"Address: Concord, Ontario, Canada, L4K 3Z8
Website: http://www.srgraphics.com
Phone: 416 798 7155
Email: not found
End product/capability: Construction & Renovations - Commercial | Health & Medical - PPE | Industrial & Automotive - Printing & Design | Floor Graphics | Face Shield
Ontario Made source: https://supportontariomade.ca/manufacturer/concord/srgraphics-ltd
CRM: not found in current CRM name baseline",Brian Payne Sr. - President | LinkedIn: https://ca.linkedin.com/in/brian-payne-sr-12b74026
Canadiana Flag,"Address: 153 Bridgeland Avenue, Toronto, Ontario, Canada, M6A 2Y6
Website: https://canadianaflag.ca
Phone: 16153735462
Email: not found
End product/capability: Home, Office & Garden - Garden & Outdoor | Industrial & Automotive - Printing & Design | Canada Flag | Provincial Flag | Canadian Made Custom Flags | Paper Flags
Ontario Made source: https://supportontariomade.ca/manufacturer/toronto/canadiana-flag
CRM: not found in current CRM name baseline",No named operations/production/maintenance contact found in Codex public research pass.
Durham Label,"Address: 799 Farewell street 1, Oshawa, Ontario, Canada, L1H 6N4
Website: https://www.durhamlabel.com
Phone: (905)-576-4000
Email: not found
End product/capability: Industrial & Automotive - Printing & Design | Custom Die-Cut Stickers | Labels | Product Labels | Retail Labels | high-quality labels & print materials for a variety of applications and needs
Ontario Made source: https://supportontariomade.ca/manufacturer/oshawa/durham-label
CRM: not found in current CRM name baseline",No named operations/production/maintenance contact found in Codex public research pass.
The Tessera Group,"Address: 21 State Crown Blvd., Scarborough, Ontario, M1V 4B1
Website: https://thetesseragroup.com
Phone: 416-261-6499
Email: not found
End product/capability: Industrial & Automotive - Tools & Equipment | 24V DC Roller Conveyors | BlueLine Hygienic Conveyors | Mezzanines & Platforms | Press Brake Control | Press Safety Control | Safety Device Interface | Stainless Steel Conveyors | Stamping Press | Dairy
Proof: Based in Toronto, Ontario, Tessera Group is a collective of specialized brands united by a shared commitment to packaging automation excellence. Our cross-functional team brings decades of hands-on experience across diverse industries, offering turnkey solutions that simplify complex packaging ch...
Ontario Made source: https://supportontariomade.ca/manufacturer/scarborough/the-tessera-group
CRM: not found in current CRM name baseline",No named operations/production/maintenance contact found in Codex public research pass.
Fearless Cookin',"Address: NA, Kitchener, Ontario, N2R 0G5
Website: https://fearlesscookin.com
Phone: 5195890351
Email: not found
End product/capability: Food & Beverage - Spices, Herbs & Seasonings | Casa Portuguesa - Spice Blend | La Cubana - Spice Blend | Rub-A-Dub-Dub - Spice Blend | Salt 'n' Herbs - Spice blend | Taco Loco - Spice Blend | Soups, veggies, seafood, poultry.
Proof: All Organic and Preservative-Free Spice blends. Our favourite ""f-word"" is FLAVOUR! Our blends are small-batch and created to make cookin' easy while taking the thought out of what spices go well together! All you need to do is season and cook, and you've got a meal that will have people wondering...
Ontario Made source: https://supportontariomade.ca/manufacturer/kitchener/fearless-cookin
CRM: not found in current CRM name baseline",No named operations/production/maintenance contact found in Codex public research pass.
Balatibala Plant-Based Foods,"Address: 26-755 Queensway E , Mississauga, Ontario, Canada, L4Y4C5
Phone: not found
Email: not found
End product/capability: Food & Beverage - CFIA licensed | Food processing / licensed food handling
Proof: Listed in the CFIA Safe Food for Canadians licence registry under SCA Strategies Inc..
CFIA source: licence 6NDH7P48; legal name SCA Strategies Inc.; 26-755 Queensway E , Mississauga, Ontario, Canada, L4Y4C5
CRM: not found in current CRM name baseline",No named operations/production/maintenance contact found in Codex public research pass.
Bank Brothers Sustainable Ingredients and Hubbert's Industries,"Address: 109 East Dr , Brampton, Ontario, Canada, L6T1B6
Phone: not found
Email: not found
End product/capability: Food & Beverage - CFIA licensed | Food processing / licensed food handling
Proof: Listed in the CFIA Safe Food for Canadians licence registry under Hubbert's Processing and Sales Inc..
CFIA source: licence 9HPV4T74; legal name Hubbert's Processing and Sales Inc.; 109 East Dr , Brampton, Ontario, Canada, L6T1B6
CRM: not found in current CRM name baseline",No named operations/production/maintenance contact found in Codex public research pass.
CHIYUE FOOD PROCESSING INC.,"Address: 7-161 Connie Cres , Concord, Ontario, Canada, L4K1L3
Phone: not found
Email: not found
End product/capability: Food & Beverage - CFIA licensed | Food processing / licensed food handling
Proof: Listed in the CFIA Safe Food for Canadians licence registry under CHIYUE FOOD PROCESSING INC..
CFIA source: licence 6PJ4XRF3; legal name CHIYUE FOOD PROCESSING INC.; 7-161 Connie Cres , Concord, Ontario, Canada, L4K1L3
CRM: not found in current CRM name baseline",No named operations/production/maintenance contact found in Codex public research pass.
NIKO Cosmetics,"Address: 2-2560 Morningside Ave, Scarborough, Ontario, M1X 0E2
Website: https://www.niko.com
Phone: 1 888 388 6456
Email: not found
End product/capability: Beauty & Personal Care - Skin Care | ORGANIC TRI-MAPLE LEAF ELASTIN BOOST CREAM | ORGANIC TRI-MAPLE LEAF ELASTIN COMPLEX SERUM | ORGANIC TRI-MAPLE LEAF PRO-ELASTIN CLEANSER | natural and certified organic products using ethically sourced ingredients , with some even being wild-harvested from ou
Proof: NIKO Cosmetics is a proudly, 100% owned and operated, Canadian business. We specialize in Natural and Certified Organic and Medi-Organic skincare products for face, body and hair. We ethically wild harvest many of our own ingredients from our very own certified organic 40-acre Canadian estate loc...
Ontario Made source: https://supportontariomade.ca/manufacturer/scarborough/niko-cosmetics
CRM: not found in current CRM name baseline",No named operations/production/maintenance contact found in Codex public research pass.
United Chargers,"Address: 25 Pollard St "", Richmond Hill, Ontario, Canada, L4B 1A8
Website: https://www.unitedchargers.com
Phone: 1-833-971-8118
Email: not found
End product/capability: Industrial & Automotive - Tools & Equipment | Industrial & Automotive - Vehicles | EasyEvPlug – J17720 | Grizzl-E - Classic | Grizzl-E - Duo | Grizzl-E - Smart | Grizzl-E – Avalanche Edition | Grizzl-E – Classic | Grizzl-E – Extreme Edition | Grizzl-E Smart - Commercial Bundle
Ontario Made source: https://supportontariomade.ca/manufacturer/richmond-hill/united-chargers
CRM: not found in current CRM name baseline",No named operations/production/maintenance contact found in Codex public research pass.
Adelphia Poultry Ltd.,"Address: 61 Torlake Cres , Toronto, Ontario, Canada, M8Z1B4
Phone: not found
Email: not found
End product/capability: Food & Beverage - CFIA licensed | Meat / protein processing
Proof: Listed in the CFIA Safe Food for Canadians licence registry under ADELPHIA POULTRY LTD..
CFIA source: licence 7G386KXL; legal name ADELPHIA POULTRY LTD.; 61 Torlake Cres , Toronto, Ontario, Canada, M8Z1B4
CRM: not found in current CRM name baseline",No named operations/production/maintenance contact found in Codex public research pass.
ADM DAIRY INC.,"Address: 69 WESTMORE DRIVE UNIT 3, ETOBICOKE, Ontario, Canada, M9V3Y6
Website: https://www.admdairy.com
Phone: not found
Email: not found
End product/capability: Food & Beverage - CFIA licensed | Dairy / cheese / creamery | ADM Dairy, ADM Dairy INC.
Proof: Listed in the CFIA Safe Food for Canadians licence registry under ADM DAIRY INC..
CFIA source: licence 7DYM98B6; legal name ADM DAIRY INC.; 69 WESTMORE DRIVE UNIT 3, ETOBICOKE, Ontario, Canada, M9V3Y6
CRM: not found in current CRM name baseline",No named operations/production/maintenance contact found in Codex public research pass.
ADP Direct Poultry Ltd. and Premium Meats,"Address: 4-250 Summerlea Rd , Brampton, Ontario, Canada, L6T3V6
Phone: not found
Email: not found
End product/capability: Food & Beverage - CFIA licensed | Meat / protein processing
Proof: Listed in the CFIA Safe Food for Canadians licence registry under 2344959 Ontario Inc..
CFIA source: licence 6NPR4DKX; legal name 2344959 Ontario Inc.; 4-250 Summerlea Rd , Brampton, Ontario, Canada, L6T3V6
CRM: not found in current CRM name baseline",Carlos Godinho - Director of Operations | LinkedIn: https://ca.linkedin.com/in/carlos-godinho-3aa61a113
Amelie's Chocolate & Patisserie Inc.,"Address: 74 Crockford Blvd Unit 3, Scarborough, Ontario, Canada, M1R3C3
Phone: not found
Email: not found
End product/capability: Food & Beverage - CFIA licensed | Snacks / confectionery
Proof: Listed in the CFIA Safe Food for Canadians licence registry under Amelie's Chocolate & Patisserie Inc..
CFIA source: licence 3LCNC7WM; legal name Amelie's Chocolate & Patisserie Inc.; 74 Crockford Blvd Unit 3, Scarborough, Ontario, Canada, M1R3C3
CRM: not found in current CRM name baseline",No named operations/production/maintenance contact found in Codex public research pass.
AMSTERDAM BREWING CO. LIMITED,"Address: 2-45 Esandar Dr , Toronto, Ontario, Canada, M4G4C5
Website: https://amsterdambeer.com
Phone: not found
Email: not found
End product/capability: Food & Beverage - CFIA licensed | Beverages / brewing / coffee | BUY BEER, 3 Speed Lager, Blonde Lager, Boneshaker IPA, Space Invader IPA
Proof: Listed in the CFIA Safe Food for Canadians licence registry under AMSTERDAM BREWING CO. LIMITED.
CFIA source: licence 7Y9TNGXM; legal name AMSTERDAM BREWING CO. LIMITED; 2-45 Esandar Dr , Toronto, Ontario, Canada, M4G4C5
CRM: not found in current CRM name baseline",No named operations/production/maintenance contact found in Codex public research pass.
Apex Nutrition Inc.,"Address: 19-20 Maritime Ontario Blvd , Brampton, Ontario, Canada, L6S0E7
Website: https://apexnutrition.ca
Phone: not found
Email: not found
End product/capability: Food & Beverage - CFIA licensed | Food processing / licensed food handling
Proof: Listed in the CFIA Safe Food for Canadians licence registry under Apex Nutrition Inc..
CFIA source: licence 6VHKM9LM; legal name Apex Nutrition Inc.; 19-20 Maritime Ontario Blvd , Brampton, Ontario, Canada, L6S0E7
CRM: not found in current CRM name baseline",No named operations/production/maintenance contact found in Codex public research pass.
Arto Bakery,"Address: 1117 O'Connor Dr , East York, Ontario, Canada, M4B2T5
Website: https://artobakery.ca
Phone: (437) 991-2155
Email: not found
End product/capability: Food & Beverage - CFIA licensed | Bakery / baked goods | Arto Bakery, BAKERY, BREAD, bakery, Arto Bakery was built on creating excellent baked goods,, enjoy the best of Greek and European pastries, bread,
Proof: Listed in the CFIA Safe Food for Canadians licence registry under 2638717 ONTARIO CORP..
CFIA source: licence 3PN9YH7F; legal name 2638717 ONTARIO CORP.; 1117 O'Connor Dr , East York, Ontario, Canada, M4B2T5
CRM: not found in current CRM name baseline",No named operations/production/maintenance contact found in Codex public research pass.
Arvinda's,"Address: 47-3176 Ridgeway Dr , Mississauga, Ontario, Canada, L5L5S6
Website: https://www.arvindas.com
Phone: not found
Email: not found
End product/capability: Food & Beverage - CFIA licensed | Sauces / spices / dressings | Arvinda's in Canada, supporting Canadian farmers by using local ingredients OUR VALUES Global spice blends for everyday
Proof: Listed in the CFIA Safe Food for Canadians licence registry under Lotasa Spice Enterprises Ltd..
CFIA source: licence 6HP3JRTJ; legal name Lotasa Spice Enterprises Ltd.; 47-3176 Ridgeway Dr , Mississauga, Ontario, Canada, L5L5S6
CRM: not found in current CRM name baseline",No named operations/production/maintenance contact found in Codex public research pass.
As We Do Chocolate Company Inc.,"Address: 15 St Leonard's Cres , Toronto, Ontario, Canada, M4N3A5
Phone: not found
Email: not found
End product/capability: Food & Beverage - CFIA licensed | Snacks / confectionery
Proof: Listed in the CFIA Safe Food for Canadians licence registry under As We Do Chocolate Company Inc..
CFIA source: licence 4HNB76HN; legal name As We Do Chocolate Company Inc.; 15 St Leonard's Cres , Toronto, Ontario, Canada, M4N3A5
CRM: not found in current CRM name baseline",No named operations/production/maintenance contact found in Codex public research pass.
Atlas Food And Beverage Inc.,"Address: 6-945 Wilson Ave , North York, Ontario, Canada, M3K1E8
Phone: not found
Email: not found
End product/capability: Food & Beverage - CFIA licensed | Beverages / brewing / coffee
Proof: Listed in the CFIA Safe Food for Canadians licence registry under Atlas Food And Beverage Inc..
CFIA source: licence 8NTXX9FJ; legal name Atlas Food And Beverage Inc.; 6-945 Wilson Ave , North York, Ontario, Canada, M3K1E8
CRM: not found in current CRM name baseline",No named operations/production/maintenance contact found in Codex public research pass.
AXE HOT SAUCE,"Address: 17B Cosmo Rd , Etobicoke, Ontario, Canada, M8X1Z3
Phone: not found
Email: not found
End product/capability: Food & Beverage - CFIA licensed | Sauces / spices / dressings
Proof: Listed in the CFIA Safe Food for Canadians licence registry under Atkinson Properties Inc..
CFIA source: licence 4XLGCR33; legal name Atkinson Properties Inc.; 17B Cosmo Rd , Etobicoke, Ontario, Canada, M8X1Z3
CRM: not found in current CRM name baseline",No named operations/production/maintenance contact found in Codex public research pass.
Bagos Bun Bakery ULC,"Address: 8 Atlas Crt , Brampton, Ontario, Canada, L6T5C1
Phone: not found
Email: not found
End product/capability: Food & Beverage - CFIA licensed | Bakery / baked goods
Proof: Listed in the CFIA Safe Food for Canadians licence registry under Bagos Bun Bakery ULC.
CFIA source: licence 4T4YLMB7; legal name Bagos Bun Bakery ULC; 8 Atlas Crt , Brampton, Ontario, Canada, L6T5C1
CRM: not found in current CRM name baseline",No named operations/production/maintenance contact found in Codex public research pass.
Baker's Pantry Ltd.,"Address: 861 Fenmar Dr , North York, Ontario, Canada, M9L1C8
Phone: not found
Email: not found
End product/capability: Food & Beverage - CFIA licensed | Bakery / baked goods
Proof: Listed in the CFIA Safe Food for Canadians licence registry under Baker's Pantry Ltd..
CFIA source: licence 4JY9R49G; legal name Baker's Pantry Ltd.; 861 Fenmar Dr , North York, Ontario, Canada, M9L1C8
CRM: not found in current CRM name baseline",Basilio Petrolo - Owner | LinkedIn: https://ca.linkedin.com/in/basilio-petrolo-b8891a117
BAKERY BARN LLC and SONOMA NUTRACEUTICALS INC.,"Address: 200-55 Village Centre Pl , Mississauga, Ontario, Canada, L4Z1V9
Phone: not found
Email: not found
End product/capability: Food & Beverage - CFIA licensed | Bakery / baked goods
Proof: Listed in the CFIA Safe Food for Canadians licence registry under GNC Canada Holdings ULC.
CFIA source: licence 7XM4P6DJ; legal name GNC Canada Holdings ULC; 200-55 Village Centre Pl , Mississauga, Ontario, Canada, L4Z1V9
CRM: not found in current CRM name baseline",No named operations/production/maintenance contact found in Codex public research pass.
Beverage World Inc,"Address: 590 South Service Rd , Stoney Creek, Ontario, Canada, l8e2w1
Phone: not found
Email: not found
End product/capability: Food & Beverage - CFIA licensed | Beverages / brewing / coffee
Proof: Listed in the CFIA Safe Food for Canadians licence registry under Beverage World Inc.
CFIA source: licence 6NTL7NFN; legal name Beverage World Inc; 590 South Service Rd , Stoney Creek, Ontario, Canada, l8e2w1
CRM: not found in current CRM name baseline",Brian Perkins - President | LinkedIn: https://ca.linkedin.com/in/brianrussellperkins
Blood Brothers Brewing Inc.,"Address: 165 Geary Ave , Toronto, Ontario, Canada, M6H2B8
Website: https://www.bloodbrothersbrewing.com
Phone: 647-628-6062
Email: not found
End product/capability: Food & Beverage - CFIA licensed | Beverages / brewing / coffee | BEER, FRESH BEER, NEVER MISS A BEER DROP!, THE FRESHEST BEER
Proof: Listed in the CFIA Safe Food for Canadians licence registry under Blood Brothers Brewing Inc..
CFIA source: licence 4MKLBBJJ; legal name Blood Brothers Brewing Inc.; 165 Geary Ave , Toronto, Ontario, Canada, M6H2B8
CRM: not found in current CRM name baseline",Patrick Howell - Operations Manager | LinkedIn: https://ca.linkedin.com/in/patrick-howell-79b9162b
BLUE DANUBE SAUSAGE HOUSE LIMITED,"Address: 3090 Lenworth Dr , Mississauga, Ontario, Canada, L4X2G1
Phone: not found
Email: not found
End product/capability: Food & Beverage - CFIA licensed | Meat / protein processing
Proof: Listed in the CFIA Safe Food for Canadians licence registry under BLUE DANUBE SAUSAGE HOUSE LIMITED.
CFIA source: licence 9G4FNXGX; legal name BLUE DANUBE SAUSAGE HOUSE LIMITED; 3090 Lenworth Dr , Mississauga, Ontario, Canada, L4X2G1
CRM: not found in current CRM name baseline",No named operations/production/maintenance contact found in Codex public research pass.
British Pride Bakery inc.,"Address: 25 Struck Crt Units 1 and 4, Cambridge, Ontario, Canada, N1R8L2
Website: https://www.britishpridebakery.com
Phone: 1 800-398-9979
Email: not found
End product/capability: Food & Beverage - CFIA licensed | Bakery / baked goods | traditional British favourites every single day, from handcrafted meat pies and Cornish pasties to sausage rolls, pork p
Proof: Listed in the CFIA Safe Food for Canadians licence registry under British Pride Bakery inc..
CFIA source: licence 4MTPFRP8; legal name British Pride Bakery inc.; 25 Struck Crt Units 1 and 4, Cambridge, Ontario, Canada, N1R8L2
CRM: not found in current CRM name baseline",No named operations/production/maintenance contact found in Codex public research pass.
BRUST BEVERAGE COMPANY LTD.,"Address: 415-220 Duncan Mill Rd , North York, Ontario, Canada, M3B3J5
Website: https://www.brustbeverages.com
Phone: not found
Email: not found
End product/capability: Food & Beverage - CFIA licensed | Beverages / brewing / coffee | Protein Coffee - brüst, Dark Roast, Original Light Roast, Coffee that works, COLD BREW COFFEE, Light Roast
Proof: Listed in the CFIA Safe Food for Canadians licence registry under BRUST BEVERAGE COMPANY LTD..
CFIA source: licence 3GKGRCRJ; legal name BRUST BEVERAGE COMPANY LTD.; 415-220 Duncan Mill Rd , North York, Ontario, Canada, M3B3J5
CRM: not found in current CRM name baseline",No named operations/production/maintenance contact found in Codex public research pass.
Bustani Chocolate INC.,"Address: 427 Hobbs Cres , Milton, Ontario, Canada, L9T0J1
Phone: not found
Email: not found
End product/capability: Food & Beverage - CFIA licensed | Snacks / confectionery
Proof: Listed in the CFIA Safe Food for Canadians licence registry under Bustani Chocolate INC..
CFIA source: licence 8F7RM94H; legal name Bustani Chocolate INC.; 427 Hobbs Cres , Milton, Ontario, Canada, L9T0J1
CRM: not found in current CRM name baseline",No named operations/production/maintenance contact found in Codex public research pass.
CANADIAN AGRO NUTRITION INC.,"Address: 115 McMahon Dr , North York, Ontario, Canada, M2K0E3
Phone: not found
Email: not found
End product/capability: Food & Beverage - CFIA licensed | Food processing / licensed food handling
Proof: Listed in the CFIA Safe Food for Canadians licence registry under CANADIAN AGRO NUTRITION INC..
CFIA source: licence 7FDC76YD; legal name CANADIAN AGRO NUTRITION INC.; 115 McMahon Dr , North York, Ontario, Canada, M2K0E3
CRM: not found in current CRM name baseline",No named operations/production/maintenance contact found in Codex public research pass.
Candy Catchers Inc.,"Address: 8- 265 Rimrock Rd , Toronto, Ontario, Canada, M6A2B7
Phone: not found
Email: not found
End product/capability: Food & Beverage - CFIA licensed | Snacks / confectionery
Proof: Listed in the CFIA Safe Food for Canadians licence registry under Candy Catchers Inc..
CFIA source: licence 6G43RC9V; legal name Candy Catchers Inc.; 8- 265 Rimrock Rd , Toronto, Ontario, Canada, M6A2B7
CRM: not found in current CRM name baseline",No named operations/production/maintenance contact found in Codex public research pass.
Candy Floss Land Ltd.,"Address: 1 Whitmore Rd Unit 18, Woodbridge, Ontario, Canada, L4L8G4
Phone: not found
Email: not found
End product/capability: Food & Beverage - CFIA licensed | Snacks / confectionery
Proof: Listed in the CFIA Safe Food for Canadians licence registry under Candy Floss Land Ltd..
CFIA source: licence 6RMNNBVC; legal name Candy Floss Land Ltd.; 1 Whitmore Rd Unit 18, Woodbridge, Ontario, Canada, L4L8G4
CRM: not found in current CRM name baseline",No named operations/production/maintenance contact found in Codex public research pass.
Cedar Bakery & Foods Canada Inc.,"Address: 18 Dundalk Cres , Brampton, Ontario, Canada, L6Z2V4
Phone: not found
Email: not found
End product/capability: Food & Beverage - CFIA licensed | Bakery / baked goods
Proof: Listed in the CFIA Safe Food for Canadians licence registry under Cedar Bakery & Foods Canada Inc..
CFIA source: licence 4KPX37XL; legal name Cedar Bakery & Foods Canada Inc.; 18 Dundalk Cres , Brampton, Ontario, Canada, L6Z2V4
CRM: not found in current CRM name baseline",No named operations/production/maintenance contact found in Codex public research pass.
CHARLES FARAM BREWING SUPPLIES INC.,"Address: 136 Skyway Ave , Etobicoke, Ontario, Canada, M9W4Y9
Phone: not found
Email: not found
End product/capability: Food & Beverage - CFIA licensed | Beverages / brewing / coffee
Proof: Listed in the CFIA Safe Food for Canadians licence registry under CHARLES FARAM BREWING SUPPLIES INC..
CFIA source: licence 6WNKDXPM; legal name CHARLES FARAM BREWING SUPPLIES INC.; 136 Skyway Ave , Etobicoke, Ontario, Canada, M9W4Y9
CRM: not found in current CRM name baseline",No named operations/production/maintenance contact found in Codex public research pass.
CHEESE BOUTIQUE LTD,"Address: 45 Ripley Ave , Toronto, Ontario, Canada, M6S3P2
Phone: not found
Email: not found
End product/capability: Food & Beverage - CFIA licensed | Dairy / cheese / creamery
Proof: Listed in the CFIA Safe Food for Canadians licence registry under CHEESE BOUTIQUE LTD.
CFIA source: licence 6GGDYYKJ; legal name CHEESE BOUTIQUE LTD; 45 Ripley Ave , Toronto, Ontario, Canada, M6S3P2
CRM: not found in current CRM name baseline",No named operations/production/maintenance contact found in Codex public research pass.
Chocolate Charm Limited,"Address: 3541 Bathurst St , Toronto, Ontario, Canada, M6A2C7
Phone: not found
Email: not found
End product/capability: Food & Beverage - CFIA licensed | Snacks / confectionery
Proof: Listed in the CFIA Safe Food for Canadians licence registry under Chocolate Charm Limited.
CFIA source: licence 3LN487KV; legal name Chocolate Charm Limited; 3541 Bathurst St , Toronto, Ontario, Canada, M6A2C7
CRM: not found in current CRM name baseline",No named operations/production/maintenance contact found in Codex public research pass.
CN FROZEN FOODS CANADA INC.,"Address: 904-40 University Ave , Toronto, Ontario, Canada, M5J1T1
Phone: not found
Email: not found
End product/capability: Food & Beverage - CFIA licensed | Frozen / prepared foods
Proof: Listed in the CFIA Safe Food for Canadians licence registry under CN FROZEN FOODS CANADA INC..
CFIA source: licence 9WHGCTCK; legal name CN FROZEN FOODS CANADA INC.; 904-40 University Ave , Toronto, Ontario, Canada, M5J1T1
CRM: not found in current CRM name baseline",No named operations/production/maintenance contact found in Codex public research pass.
3G Print Group Inc,"Address: 9225 Leslie Street 5, Richmond Hill, Ontario, Canada, L4B 3H6
Phone: not found
Email: not found
End product/capability: Industrial & Automotive - Printing & Design | Pressure Sensitive Labels, Shrink Sleeves, Flexible Packaging
Ontario Made source: https://supportontariomade.ca/manufacturer/richmond-hill/3g-print-group-inc
CRM: not found in current CRM name baseline","James McLean - Operations Manager | LinkedIn: https://ca.linkedin.com/in/james-mclean-19490041
Gord Van Altena - President | Source: https://www.zoominfo.com/p/Gord-Van-altena/5738577743"
KPM Power Inc,"Address: 700 Kipling Ave 900, Toronto, Ontario, Canada, M8Z5G3
Website: https://www.kpmpower.com
Phone: (647) 424-0012
Email: not found
End product/capability: Industrial & Automotive - Tools & Equipment | Anzen Battery Management Systems
Proof: KPM Power Inc. Is a Toronto based, lithium battery solutions expert, specializing in Battery Management Systems (BMS). KPM Power’s BMS is safe, UL certified, customizable and positioned to be the catalyst to bringing more cleantech products to market.
Ontario Made source: https://supportontariomade.ca/manufacturer/toronto/kpm-power-inc-1
CRM: not found in current CRM name baseline",No named operations/production/maintenance contact found in Codex public research pass.
Turning Solutions Inc.,"Address: Mississauga, Ontario, Canada
Website: https://www.trnsolutions.ca/
Phone: not found
Email: not found
End product/capability: Industrial & Automotive - Tools & Equipment | Conveyor rollers | Custom conveyor systems | Custom gears
Ontario Made source: https://supportontariomade.ca/manufacturer/mississauga/turning-solutions-inc
CRM: not found in current CRM name baseline",No named operations/production/maintenance contact found in Codex public research pass.
Newmarket Precast Concrete Products,"Address: 20 Victoria St N, Uxbridge, Ontario, L9P 1N4
Website: https://newmarketprecast.com
Phone: 905-852-6111
Email: not found
End product/capability: Construction & Renovations - Home Renovations | Model 3600 L Septic Tank | delivered where I want them
Proof: Newmarket Pre-Cast is recognized as an industry leader in the precast tank industry. Shipping tanks all over Ontario and even into the Prairies, Maritimes and Quebec.
Ontario Made source: https://supportontariomade.ca/manufacturer/uxbridge/newmarket-precast-concrete-products
CRM: not found in current CRM name baseline",No named operations/production/maintenance contact found in Codex public research pass.
DAHL VALVE LIMITED,"Address: 2600 South Sheridan Way, Mississauga, Ontario, Canada, L5J 2M4
Website: https://dahlvalve.com
Phone: 800-268-5355
Email: not found
End product/capability: Construction & Renovations - Supplies | All Round strapping | dahl mini-ball valves | Globe Stops | them use anything else
Proof: An Industry Leader for Over 70 Years dahl is a proudly Canadian manufacturer specializing in premium-quality plumbing valves and fittings, with production based in Ontario. For over 70 years, we’ve been committed to delivering innovative solutions that meet the highest standards of reliability an...
Ontario Made source: https://supportontariomade.ca/manufacturer/mississauga/dahl-valve-limited
CRM: not found in current CRM name baseline",No named operations/production/maintenance contact found in Codex public research pass.
High Reach Inc.,"Address: Oakville, Ontario, Canada, L6L 6L7
Website: https://highreachinc.com
Phone: 905-844-4164
Email: not found
End product/capability: Industrial & Automotive - Tools & Equipment | Orion K140 Forklift Truck
Ontario Made source: https://supportontariomade.ca/manufacturer/oakville/high-reach-inc
CRM: not found in current CRM name baseline",No named operations/production/maintenance contact found in Codex public research pass.
Magpie of Toronto,"Address: Toronto, Ontario, M6G 1C5
Website: https://www.magpieoftoronto.com
Phone: not found
Email: not found
End product/capability: Home, Office & Garden - Art & Office Supplies | Handcrafted Leather Notebook Cover
Proof: Born and raised in the vibrant city of Toronto, a place I've called home for more than four decades, I've cultivated a deep passion for the art of leather craftsmanship. At the heart of my hobby business lies a collection of unique, meticulously crafted leather journal covers, each a testament to...
Ontario Made source: https://supportontariomade.ca/manufacturer/toronto/magpie-of-toronto
CRM: not found in current CRM name baseline",No named operations/production/maintenance contact found in Codex public research pass.
Prime Automation,"Address: Waterloo, Ontario, Canada, N2V 1A2
Website: https://www.primeautomation.com
Phone: 1-888-673-5077
Email: not found
End product/capability: Industrial & Automotive - Tools & Equipment | Panel/Machine Builds | informed decisions
Ontario Made source: https://supportontariomade.ca/manufacturer/waterloo/prime-automation
CRM: not found in current CRM name baseline",No named operations/production/maintenance contact found in Codex public research pass.
MTD Metro Tool & Die LTD,"Address: not found
Phone: not found
Email: not found
End product/capability: not found
Proof: MTD Metro Tool & Die LTD is a contract manufacturer located in Mississauga, Ontario, Canada. The company specializes in Tool & Die Building, Metal...
Ontario Made source: https://supportontariomade.ca/manufacturer/mississauga/mtd-metro-tool-die-ltd
CRM: not found in current CRM name baseline",Akhil Menon Sreekumar - Plant Manager | LinkedIn: https://ca.linkedin.com/in/akhilmenonsreekumar
AK Tool &Die,"Address: Mississauga, Ontario, Canada, L5T 1A2
Phone: not found
Email: not found
End product/capability: Industrial & Automotive - Tools & Equipment | Machined Medical Components
Ontario Made source: https://supportontariomade.ca/manufacturer/mississauga/ak-tool-ampdie
CRM: not found in current CRM name baseline",No named operations/production/maintenance contact found in Codex public research pass.
Wooden Puzzle Name - Canada Inc.,"Address: 143-2120 Rathburn Road E, Mississauga, ON, L4W2S8, North York, Ontario, M3A 2R3
Website: https://www.woodenpuzzlename.com
Phone: 6478850900
Email: not found
End product/capability: Home, Office & Garden - Furniture | PERSONALIZED WOODEN BENCH | ANY NAME, IN ANY LANGUAGE, MAX 10 LETTERS
Proof: Wooden Puzzle Name Canada is a small family business, specializing in handcrafted wooden toys, with production in Toronto, Canada . 🇨🇦 We produce wooden personalized puzzles, bench and train set with alphabets in all languages.
Ontario Made source: https://supportontariomade.ca/manufacturer/north-york/wooden-puzzle-name-canada-inc
CRM: not found in current CRM name baseline",No named operations/production/maintenance contact found in Codex public research pass.
Flow and Wolf Haircare Inc.,"Address: 289 Courtland Avenue, Unit A, Concord, Ontario, L4K 4W9
Website: https://flowhaircare.com
Phone: 9057602525
Email: not found
End product/capability: Beauty & Personal Care - Hair Care | Flow 30 Second Treatment
Proof: We create professional, sustainable hair care products for salons, stylists, and beauty enthusiasts! We are best known for our hero product, Flow 30 Second Treatment which put us on the map internationally for it's incredible results for all hair types. We are a sustainable brand that features bi...
Ontario Made source: https://supportontariomade.ca/manufacturer/concord/flow-and-wolf-haircare-inc
CRM: not found in current CRM name baseline",No named operations/production/maintenance contact found in Codex public research pass.
"BARTELL MORRISON INC.,","Address: 170 Traders Blvd E, Mississauga, Ontario, Canada, L4Z 1W7
Phone: not found
Email: not found
End product/capability: Construction & Renovations - Commercial | Construction & Renovations - Supplies | Bartell Power Trowels | Bartell Reversible Plate Compactor | Forward Plate Compactor | Morrison Power Buggy | Trowelling Edger
Ontario Made source: https://supportontariomade.ca/manufacturer/mississauga/bartell-morrison-inc
CRM: not found in current CRM name baseline",Bruce Lyons - Plant Manager | Source: https://www.cybo.com/CA-contact/bartell-morrison/Bruce+Lyons
D Events Management,"Address: 1903, 330 Rathburn Rd West, Mississauga, Ontario, L5B 3Y1
Website: https://www.instagram.com
Phone: 6478914398
Email: not found
End product/capability: Clothing & Accessories - Accessories | Clothing & Accessories - Women | Home, Office & Garden - Art & Décor | Decorative Handbags | Oriental Cape | Wall Art - Cross stitch and Accessories in a frame
Proof: 1-Events planning and management .
Ontario Made source: https://supportontariomade.ca/manufacturer/mississauga-/d-events-management-
CRM: not found in current CRM name baseline",No named operations/production/maintenance contact found in Codex public research pass.
Linen Way Inc,"Address: 151 Applewood Cr. Unit#13, Concord, Ontario, M2R 2Z1
Website: https://linenway.com
Phone: 9056533006
Email: not found
End product/capability: Clothing & Accessories - Women | Home, Office & Garden - Art & Décor | Paris Baby Alpaca Scarf | Christie Pillow Cover Ruby Red with Off White Border | Faro Linen Napkin | Maison Tablecloth Mineral Blue with White Stripes | durable, natural products that can be cherished forever without harming the natural world
Proof: Thoughtfully Made for a Beautiful Home and a Healthier Planet At Linen Way, we believe that creating a beautiful home should never come at the cost of the environment. Our mission is to design purposeful, lasting pieces that blend timeless beauty with sustainable values.
Ontario Made source: https://supportontariomade.ca/manufacturer/concord/linen-way-inc
CRM: not found in current CRM name baseline",No named operations/production/maintenance contact found in Codex public research pass.
Conquer All Nutrition Inc.,"Address: 655 Basswood St , Waterloo, Ontario, Canada, N2V2K8
Phone: not found
Email: not found
End product/capability: Food & Beverage - CFIA licensed | Food processing / licensed food handling
Proof: Listed in the CFIA Safe Food for Canadians licence registry under Conquer All Nutrition Inc..
CFIA source: licence 8KHGVVPT; legal name Conquer All Nutrition Inc.; 655 Basswood St , Waterloo, Ontario, Canada, N2V2K8
CRM: not found in current CRM name baseline",No named operations/production/maintenance contact found in Codex public research pass.
Cotton Candy Inc.,"Address: 1-3665 Odyssey Dr , Mississauga, Ontario, Canada, L5M2R7
Phone: not found
Email: not found
End product/capability: Food & Beverage - CFIA licensed | Snacks / confectionery
Proof: Listed in the CFIA Safe Food for Canadians licence registry under Cotton Candy Inc..
CFIA source: licence 9XNLGG79; legal name Cotton Candy Inc.; 1-3665 Odyssey Dr , Mississauga, Ontario, Canada, L5M2R7
CRM: not found in current CRM name baseline",No named operations/production/maintenance contact found in Codex public research pass.
Crescent Poultry Ltd.,"Address: 12-442 Brimley Rd , Scarborough, Ontario, Canada, M1J1A1
Phone: not found
Email: not found
End product/capability: Food & Beverage - CFIA licensed | Meat / protein processing
Proof: Listed in the CFIA Safe Food for Canadians licence registry under Crescent Poultry Ltd..
CFIA source: licence 3F6NYXX7; legal name Crescent Poultry Ltd.; 12-442 Brimley Rd , Scarborough, Ontario, Canada, M1J1A1
CRM: not found in current CRM name baseline",No named operations/production/maintenance contact found in Codex public research pass.
DAIRY MAX LTD.,"Address: 5050 Edwards Blvd , Mississauga, Ontario, Canada, L5T2W3
Phone: not found
Email: not found
End product/capability: Food & Beverage - CFIA licensed | Dairy / cheese / creamery
Proof: Listed in the CFIA Safe Food for Canadians licence registry under DAIRY MAX LTD..
CFIA source: licence 4PL3JD96; legal name DAIRY MAX LTD.; 5050 Edwards Blvd , Mississauga, Ontario, Canada, L5T2W3
CRM: not found in current CRM name baseline",No named operations/production/maintenance contact found in Codex public research pass.
DC Donut Bakery,"Address: 3211 Lenworth Dr , Mississauga, Ontario, Canada, L4X2G6
Phone: not found
Email: not found
End product/capability: Food & Beverage - CFIA licensed | Bakery / baked goods
Proof: Listed in the CFIA Safe Food for Canadians licence registry under 1461324 Ontario LTD.
CFIA source: licence 9MBRTT4M; legal name 1461324 Ontario LTD; 3211 Lenworth Dr , Mississauga, Ontario, Canada, L4X2G6
CRM: not found in current CRM name baseline",Hector Uribe - Plant Manager | Source: https://www.zoominfo.com/p/Hector-Uribe/10117037611
Deboers Poultry Ltd.,"Address: 4485 Harvester Rd , Burlington, Ontario, Canada, L7L4X3
Phone: not found
Email: not found
End product/capability: Food & Beverage - CFIA licensed | Meat / protein processing
Proof: Listed in the CFIA Safe Food for Canadians licence registry under De boer's Poultry Ltd..
CFIA source: licence 3LM4L7LY; legal name De boer's Poultry Ltd.; 4485 Harvester Rd , Burlington, Ontario, Canada, L7L4X3
CRM: not found in current CRM name baseline",No named operations/production/maintenance contact found in Codex public research pass.
Di Manno Brothers Bakery Ltd.,"Address: 50 Buttermill Ave. , Concord, Ontario, Canada, l4k3x4
Phone: not found
Email: not found
End product/capability: Food & Beverage - CFIA licensed | Bakery / baked goods
Proof: Listed in the CFIA Safe Food for Canadians licence registry under Di Manno Brothers Bakery Ltd..
CFIA source: licence 8PPWMTPJ; legal name Di Manno Brothers Bakery Ltd.; 50 Buttermill Ave. , Concord, Ontario, Canada, l4k3x4
CRM: not found in current CRM name baseline",No named operations/production/maintenance contact found in Codex public research pass.
Enhanced Medical Nutrition,"Address: 303-44 Gerrard St E , Toronto, Ontario, Canada, M5B1G3
Phone: not found
Email: not found
End product/capability: Food & Beverage - CFIA licensed | Food processing / licensed food handling
Proof: Listed in the CFIA Safe Food for Canadians licence registry under Enhanced Medical Nutrition Inc..
CFIA source: licence 4H33WBWR; legal name Enhanced Medical Nutrition Inc.; 303-44 Gerrard St E , Toronto, Ontario, Canada, M5B1G3
CRM: not found in current CRM name baseline",No named operations/production/maintenance contact found in Codex public research pass.
F&I Beverage Corp,"Address: 103 Merrilee Cres , Hamilton, Ontario, Canada, L9A0B1
Phone: not found
Email: not found
End product/capability: Food & Beverage - CFIA licensed | Beverages / brewing / coffee
Proof: Listed in the CFIA Safe Food for Canadians licence registry under F&I Beverage Corp.
CFIA source: licence 9VJCRV3X; legal name F&I Beverage Corp; 103 Merrilee Cres , Hamilton, Ontario, Canada, L9A0B1
CRM: not found in current CRM name baseline",No named operations/production/maintenance contact found in Codex public research pass.
Fayyaz Candy Ltd.,"Address: 10 Old Mill Trail , Etobicoke, Ontario, Canada, M8X2Y9
Phone: not found
Email: not found
End product/capability: Food & Beverage - CFIA licensed | Snacks / confectionery
Proof: Listed in the CFIA Safe Food for Canadians licence registry under Fayyaz Candy Ltd..
CFIA source: licence 8CY4TFLD; legal name Fayyaz Candy Ltd.; 10 Old Mill Trail , Etobicoke, Ontario, Canada, M8X2Y9
CRM: not found in current CRM name baseline",No named operations/production/maintenance contact found in Codex public research pass.
FIRECRACKER PEPPER SAUCE Ltd.,"Address: 106 Northland Ave , Toronto, Ontario, Canada, M6N2E2
Website: https://firecrackerpepper.com
Phone: not found
Email: not found
End product/capability: Food & Beverage - CFIA licensed | Sauces / spices / dressings | our premium Trini style small batch award winning sauces
Proof: Listed in the CFIA Safe Food for Canadians licence registry under FIRECRACKER PEPPER SAUCE Ltd..
CFIA source: licence 6L6LD363; legal name FIRECRACKER PEPPER SAUCE Ltd.; 106 Northland Ave , Toronto, Ontario, Canada, M6N2E2
CRM: not found in current CRM name baseline",No named operations/production/maintenance contact found in Codex public research pass.
FISHVILLE FROZEN FOOD INC.,"Address: 127 Ingram Rd , Markham, Ontario, Canada, L3S4E1
Phone: not found
Email: not found
End product/capability: Food & Beverage - CFIA licensed | Frozen / prepared foods
Proof: Listed in the CFIA Safe Food for Canadians licence registry under FISHVILLE FROZEN FOOD INC..
CFIA source: licence 6C9XFVP8; legal name FISHVILLE FROZEN FOOD INC.; 127 Ingram Rd , Markham, Ontario, Canada, L3S4E1
CRM: not found in current CRM name baseline",No named operations/production/maintenance contact found in Codex public research pass.
Fleur De Lys Bakery Inc.,"Address: 54 Waldron Cres , Richmond Hill, Ontario, Canada, L4E4A3
Phone: not found
Email: not found
End product/capability: Food & Beverage - CFIA licensed | Bakery / baked goods
Proof: Listed in the CFIA Safe Food for Canadians licence registry under Fleur De Lys Bakery Inc..
CFIA source: licence 3KWD4FMG; legal name Fleur De Lys Bakery Inc.; 54 Waldron Cres , Richmond Hill, Ontario, Canada, L4E4A3
CRM: not found in current CRM name baseline",No named operations/production/maintenance contact found in Codex public research pass.
Flour Confections,"Address: 13-1080 Brock Rd , Pickering, Ontario, Canada, L1W3H3
Website: https://www.flourconfections.com
Phone: 888-443-2253
Email: not found
End product/capability: Food & Beverage - CFIA licensed | Grains / flour / milling | Flour Confections Cake Supplies, Cookie Cutters, Cake Pops, Cookie & Candy Bags, Cookie Stencils, Cake Dummies
Proof: Listed in the CFIA Safe Food for Canadians licence registry under Flour Confections Inc..
CFIA source: licence 4XRXTPB9; legal name Flour Confections Inc.; 13-1080 Brock Rd , Pickering, Ontario, Canada, L1W3H3
CRM: not found in current CRM name baseline",No named operations/production/maintenance contact found in Codex public research pass.
Freshly Frozen Inc,"Address: 11-73 Galaxy Blvd , Etobicoke, Ontario, Canada, M9W5T4
Phone: not found
Email: not found
End product/capability: Food & Beverage - CFIA licensed | Frozen / prepared foods
Proof: Listed in the CFIA Safe Food for Canadians licence registry under Freshly Frozen Inc.
CFIA source: licence 8P4GJV73; legal name Freshly Frozen Inc; 11-73 Galaxy Blvd , Etobicoke, Ontario, Canada, M9W5T4
CRM: not found in current CRM name baseline",No named operations/production/maintenance contact found in Codex public research pass.
Frozen Temptations Inc.,"Address: 69 Midsummer Dr , Brampton, Ontario, Canada, L6P3E4
Phone: not found
Email: not found
End product/capability: Food & Beverage - CFIA licensed | Frozen / prepared foods
Proof: Listed in the CFIA Safe Food for Canadians licence registry under Frozen Temptations Inc..
CFIA source: licence 4FHD9CT9; legal name Frozen Temptations Inc.; 69 Midsummer Dr , Brampton, Ontario, Canada, L6P3E4
CRM: not found in current CRM name baseline",No named operations/production/maintenance contact found in Codex public research pass.
Fury Hot Sauce Inc.,"Address: 12-4391 Harvester Rd , Burlington, Ontario, Canada, L7L4X1
Website: https://furyhotsauce.com
Phone: not found
Email: not found
End product/capability: Food & Beverage - CFIA licensed | Sauces / spices / dressings | Canada's food culture worth celebrating
Proof: Listed in the CFIA Safe Food for Canadians licence registry under Fury Hot Sauce Inc..
CFIA source: licence 8RJ9BHBB; legal name Fury Hot Sauce Inc.; 12-4391 Harvester Rd , Burlington, Ontario, Canada, L7L4X1
CRM: not found in current CRM name baseline",No named operations/production/maintenance contact found in Codex public research pass.
Gap Tooth Beverage Inc.,"Address: 781 Manning Ave , Toronto, Ontario, Canada, M6G2W7
Phone: not found
Email: not found
End product/capability: Food & Beverage - CFIA licensed | Beverages / brewing / coffee
Proof: Listed in the CFIA Safe Food for Canadians licence registry under Gap Tooth Beverage Inc..
CFIA source: licence 9W6FFHCN; legal name Gap Tooth Beverage Inc.; 781 Manning Ave , Toronto, Ontario, Canada, M6G2W7
CRM: not found in current CRM name baseline",No named operations/production/maintenance contact found in Codex public research pass.
gehl food & beverage,"Address: 147 Liberty St , Toronto, Ontario, Canada, M6K3G3
Website: https://www.gehlfoodandbeverage.com
Phone: 800-521-2873
Email: not found
End product/capability: Food & Beverage - CFIA licensed | Beverages / brewing / coffee | Non-Dairy Beverages, Tea, Coffee, & Creamers
Proof: Listed in the CFIA Safe Food for Canadians licence registry under E2E FOODPACK INC..
CFIA source: licence 8P8MWNFT; legal name E2E FOODPACK INC.; 147 Liberty St , Toronto, Ontario, Canada, M6K3G3
CRM: not found in current CRM name baseline",No named operations/production/maintenance contact found in Codex public research pass.
GOLD STANDARD GLUTEN FREE BAKING CORP,"Address: 12-60 Rayette Rd , Concord, Ontario, Canada, L4K2G4
Phone: not found
Email: not found
End product/capability: Food & Beverage - CFIA licensed | Bakery / baked goods
Proof: Listed in the CFIA Safe Food for Canadians licence registry under GOLD STANDARD GLUTEN FREE BAKING CORP.
CFIA source: licence 9FXBVMGJ; legal name GOLD STANDARD GLUTEN FREE BAKING CORP; 12-60 Rayette Rd , Concord, Ontario, Canada, L4K2G4
CRM: not found in current CRM name baseline",No named operations/production/maintenance contact found in Codex public research pass.
Golden Frozen Foods Inc,"Address: 2195 McNicoll Ave , Scarborough, Ontario, Canada, M1V5P3
Phone: not found
Email: not found
End product/capability: Food & Beverage - CFIA licensed | Frozen / prepared foods
Proof: Listed in the CFIA Safe Food for Canadians licence registry under Golden Frozen Foods Inc.
CFIA source: licence 6RRHN9K8; legal name Golden Frozen Foods Inc; 2195 McNicoll Ave , Scarborough, Ontario, Canada, M1V5P3
CRM: not found in current CRM name baseline","Angi Freeman - Plant Manager | LinkedIn: https://ca.linkedin.com/in/angi-freeman-b55270139
Bruce MacDonald - Owner | LinkedIn: https://ca.linkedin.com/in/bmacdonald7"
Golden Spice Traders,"Address: 1110 Centre St S , Whitby, Ontario, Canada, L1N4X8
Phone: not found
Email: not found
End product/capability: Food & Beverage - CFIA licensed | Sauces / spices / dressings
Proof: Listed in the CFIA Safe Food for Canadians licence registry under 15515084 CANADA INC..
CFIA source: licence 9Y4YHHM6; legal name 15515084 CANADA INC.; 1110 Centre St S , Whitby, Ontario, Canada, L1N4X8
CRM: not found in current CRM name baseline",No named operations/production/maintenance contact found in Codex public research pass.
Gourmet Sausage Inc.,"Address: 5 Vata Court Unit 3-6, Aurora, Ontario, Canada, L4G4B6
Website: https://gourmetsausage.ca
Phone: (905) 727-8558
Email: not found
End product/capability: Food & Beverage - CFIA licensed | Meat / protein processing | Gourmet Sausage, Welcome to Gourmet Sausage
Proof: Listed in the CFIA Safe Food for Canadians licence registry under Gourmet Sausage Inc.
CFIA source: licence 6TVT4DCG; legal name Gourmet Sausage Inc; 5 Vata Court Unit 3-6, Aurora, Ontario, Canada, L4G4B6
CRM: not found in current CRM name baseline",No named operations/production/maintenance contact found in Codex public research pass.
Grace Bakery Inc.,"Address: 208 Oakdale Rd , North York, Ontario, Canada, M3N2S5
Phone: not found
Email: not found
End product/capability: Food & Beverage - CFIA licensed | Bakery / baked goods
Proof: Listed in the CFIA Safe Food for Canadians licence registry under Grace Bakery Inc..
CFIA source: licence 3PLF338L; legal name Grace Bakery Inc.; 208 Oakdale Rd , North York, Ontario, Canada, M3N2S5
CRM: not found in current CRM name baseline",No named operations/production/maintenance contact found in Codex public research pass.
Hans Dairy Inc.,"Address: 3400 American Dr , Mississauga, Ontario, Canada, L4V1C1
Website: https://hansdairy.com
Phone: not found
Email: not found
End product/capability: Food & Beverage - CFIA licensed | Dairy / cheese / creamery
Proof: Listed in the CFIA Safe Food for Canadians licence registry under Hans Dairy Inc..
CFIA source: licence 7MX9M7LY; legal name Hans Dairy Inc.; 3400 American Dr , Mississauga, Ontario, Canada, L4V1C1
CRM: not found in current CRM name baseline",No named operations/production/maintenance contact found in Codex public research pass.
"Hatch Beverage Company, Ltd.","Address: 802 Cochrane Drive Unit B, Markham, Ontario, Canada, L3R8C9
Phone: not found
Email: not found
End product/capability: Food & Beverage - CFIA licensed | Beverages / brewing / coffee
Proof: Listed in the CFIA Safe Food for Canadians licence registry under Hatch Beverage Company, Ltd..
CFIA source: licence 4WF64XVR; legal name Hatch Beverage Company, Ltd.; 802 Cochrane Drive Unit B, Markham, Ontario, Canada, L3R8C9
CRM: not found in current CRM name baseline",No named operations/production/maintenance contact found in Codex public research pass.
HBK Nutrition International,"Address: 1550 Courtneypark Dr E , Mississauga, Ontario, Canada, L5T2C7
Phone: not found
Email: not found
End product/capability: Food & Beverage - CFIA licensed | Food processing / licensed food handling
Proof: Listed in the CFIA Safe Food for Canadians licence registry under HBK MEDSERVICES INC..
CFIA source: licence 9VWW7R39; legal name HBK MEDSERVICES INC.; 1550 Courtneypark Dr E , Mississauga, Ontario, Canada, L5T2C7
CRM: not found in current CRM name baseline",No named operations/production/maintenance contact found in Codex public research pass.
Horton Spice Mills Limited,"Address: 256 Steelcase Rd W , Markham, Ontario, Canada, L3R1B3
Website: https://www.hortonspicemills.com
Phone: (905) 475-6130
Email: not found
End product/capability: Food & Beverage - CFIA licensed | Sauces / spices / dressings | Grains / flour / milling | Everything Bagel Seasoning
Proof: Listed in the CFIA Safe Food for Canadians licence registry under Horton Spice Mills Limited.
CFIA source: licence 3YFNPGJ9; legal name Horton Spice Mills Limited; 256 Steelcase Rd W , Markham, Ontario, Canada, L3R1B3
CRM: not found in current CRM name baseline",Jublee Naidu Chinta - Operations Manager | LinkedIn: https://ca.linkedin.com/in/jublee-naidu-chinta-48805252
Hyproca Nutrition Canada Inc.,"Address: 60 Atlantic Ave , Toronto, Ontario, Canada, M6K1X9
Phone: not found
Email: not found
End product/capability: Food & Beverage - CFIA licensed | Food processing / licensed food handling
Proof: Listed in the CFIA Safe Food for Canadians licence registry under Hyproca Nutrition Canada Inc..
CFIA source: licence 3VLGHMYV; legal name Hyproca Nutrition Canada Inc.; 60 Atlantic Ave , Toronto, Ontario, Canada, M6K1X9
CRM: not found in current CRM name baseline",No named operations/production/maintenance contact found in Codex public research pass.
Innovate Dairy Inc.,"Address: 1077 Haig Blvd , Mississauga, Ontario, Canada, L5E2M4
Website: https://www.innovatedairy.ai
Phone: not found
Email: not found
End product/capability: Food & Beverage - CFIA licensed | Dairy / cheese / creamery
Proof: Listed in the CFIA Safe Food for Canadians licence registry under Innovate Dairy Inc..
CFIA source: licence 9C7D3394; legal name Innovate Dairy Inc.; 1077 Haig Blvd , Mississauga, Ontario, Canada, L5E2M4
CRM: not found in current CRM name baseline",No named operations/production/maintenance contact found in Codex public research pass.
"JCBC, Junction Craft Brewery and Junction Craft Beverage Co.","Address: 150 Symes Road , Toronto, Ontario, Canada, M6N0B1
Phone: not found
Email: not found
End product/capability: Food & Beverage - CFIA licensed | Beverages / brewing / coffee
Proof: Listed in the CFIA Safe Food for Canadians licence registry under Junction Craft Brewing Inc..
CFIA source: licence 4J44XJMJ; legal name Junction Craft Brewing Inc.; 150 Symes Road , Toronto, Ontario, Canada, M6N0B1
CRM: not found in current CRM name baseline",No named operations/production/maintenance contact found in Codex public research pass.
Juici Nutrition Inc.,"Address: 2177 Corsair Rd , Mississauga, Ontario, Canada, L5A2L7
Phone: not found
Email: not found
End product/capability: Food & Beverage - CFIA licensed | Food processing / licensed food handling
Proof: Listed in the CFIA Safe Food for Canadians licence registry under Juici Nutrition Inc..
CFIA source: licence 9PYP8H6D; legal name Juici Nutrition Inc.; 2177 Corsair Rd , Mississauga, Ontario, Canada, L5A2L7
CRM: not found in current CRM name baseline",No named operations/production/maintenance contact found in Codex public research pass.
Kashmir Crown Baking Co Corp.,"Address: 19 Hafis Rd , North York, Ontario, Canada, M6M2V6
Phone: not found
Email: not found
End product/capability: Food & Beverage - CFIA licensed | Bakery / baked goods
Proof: Listed in the CFIA Safe Food for Canadians licence registry under Kashmir Crown Baking Co Corp..
CFIA source: licence 3NBY9XCK; legal name Kashmir Crown Baking Co Corp.; 19 Hafis Rd , North York, Ontario, Canada, M6M2V6
CRM: not found in current CRM name baseline",No named operations/production/maintenance contact found in Codex public research pass.
kemer delicious dairy products ltd,"Address: 4-5 Edvac Dr , Brampton, Ontario, Canada, L6S5P3
Phone: not found
Email: not found
End product/capability: Food & Beverage - CFIA licensed | Dairy / cheese / creamery
Proof: Listed in the CFIA Safe Food for Canadians licence registry under KEMER DELICIOUS DAIRY PRODUCTS LTD..
CFIA source: licence 9PFF7FF4; legal name KEMER DELICIOUS DAIRY PRODUCTS LTD.; 4-5 Edvac Dr , Brampton, Ontario, Canada, L6S5P3
CRM: not found in current CRM name baseline",No named operations/production/maintenance contact found in Codex public research pass.
King David Frozen Products Inc.,"Address: 860 Magnetic Dr , North York, Ontario, Canada, M3J2C4
Website: https://www.kingdavidfrozenpizza.com
Phone: not found
Email: not found
End product/capability: Food & Beverage - CFIA licensed | Frozen / prepared foods
Proof: Listed in the CFIA Safe Food for Canadians licence registry under King David Frozen Products Inc..
CFIA source: licence 3FNRBRGX; legal name King David Frozen Products Inc.; 860 Magnetic Dr , North York, Ontario, Canada, M3J2C4
CRM: not found in current CRM name baseline",No named operations/production/maintenance contact found in Codex public research pass.
KING'S CROWN BAKERY INC.,"Address: 3-3520 McNicoll Ave , Scarborough, Ontario, Canada, M1V4C5
Phone: not found
Email: not found
End product/capability: Food & Beverage - CFIA licensed | Bakery / baked goods
Proof: Listed in the CFIA Safe Food for Canadians licence registry under KING'S CROWN BAKERY INC..
CFIA source: licence 4FJRR4CH; legal name KING'S CROWN BAKERY INC.; 3-3520 McNicoll Ave , Scarborough, Ontario, Canada, M1V4C5
CRM: not found in current CRM name baseline",No named operations/production/maintenance contact found in Codex public research pass.
Lago Italian Bakery Inc.,"Address: 12930 Yonge Street Unit Unit 1 P.O. Box 2914, Richmond Hill, Ontario, Canada, L4E1A8
Website: https://lagoitalianbakery.com
Phone: (905) 773-1030
Email: not found
End product/capability: Food & Beverage - CFIA licensed | Bakery / baked goods | Lago Italian Bakery, Authentic Italian Bakery in Richmond Hill, LAGO ITALIAN BAKERY
Proof: Listed in the CFIA Safe Food for Canadians licence registry under Lago Italian Bakery Inc..
CFIA source: licence 3BDGJCLF; legal name Lago Italian Bakery Inc.; 12930 Yonge Street Unit Unit 1 P.O. Box 2914, Richmond Hill, Ontario, Canada, L4E1A8
CRM: not found in current CRM name baseline",No named operations/production/maintenance contact found in Codex public research pass.
Laxmi House of Spice Canada Inc.,"Address: 3 & 4-62 Selby Rd , Brampton, Ontario, Canada, L6W3L4
Phone: not found
Email: not found
End product/capability: Food & Beverage - CFIA licensed | Sauces / spices / dressings
Proof: Listed in the CFIA Safe Food for Canadians licence registry under Laxmi House of Spice Canada Inc..
CFIA source: licence 4NY4WWJN; legal name Laxmi House of Spice Canada Inc.; 3 & 4-62 Selby Rd , Brampton, Ontario, Canada, L6W3L4
CRM: not found in current CRM name baseline",No named operations/production/maintenance contact found in Codex public research pass.
Leah's Bakery and Corporate Confections,"Address: 18 Lepage Crt , North York, Ontario, Canada, M3J1Z9
Phone: not found
Email: not found
End product/capability: Food & Beverage - CFIA licensed | Bakery / baked goods
Proof: Listed in the CFIA Safe Food for Canadians licence registry under Branded Bites Inc..
CFIA source: licence 9XW9WC8X; legal name Branded Bites Inc.; 18 Lepage Crt , North York, Ontario, Canada, M3J1Z9
CRM: not found in current CRM name baseline",No named operations/production/maintenance contact found in Codex public research pass.
Lebanese Nuts & Chocolate Inc.,"Address: 255 Ellesmere Rd , Scarborough, Ontario, Canada, M1R4E4
Website: https://lebanesenutsandchocolate.com
Phone: 16826075775
Email: not found
End product/capability: Food & Beverage - CFIA licensed | Snacks / confectionery | our Lebanese nuts and roasted items in Canada
Proof: Listed in the CFIA Safe Food for Canadians licence registry under Lebanese Nuts & Chocolate Inc..
CFIA source: licence 3DB7WXD8; legal name Lebanese Nuts & Chocolate Inc.; 255 Ellesmere Rd , Scarborough, Ontario, Canada, M1R4E4
CRM: not found in current CRM name baseline",No named operations/production/maintenance contact found in Codex public research pass.
Left Field Brewery Inc.,"Address: 36 Wagstaff Dr , Toronto, Ontario, Canada, M4L3W9
Website: https://www.leftfieldbrewery.ca
Phone: (416) 350-1958
Email: not found
End product/capability: Food & Beverage - CFIA licensed | Beverages / brewing / coffee | KITCHEN & BEER STORE: 12-11
Proof: Listed in the CFIA Safe Food for Canadians licence registry under Left Field Brewery Inc..
CFIA source: licence 3PXR3H4Y; legal name Left Field Brewery Inc.; 36 Wagstaff Dr , Toronto, Ontario, Canada, M4L3W9
CRM: not found in current CRM name baseline",No named operations/production/maintenance contact found in Codex public research pass.
Local Dairy,"Address: 42 Garden Park Ave , Scarborough, Ontario, Canada, M1S1Z7
Website: https://localdairy.ca
Phone: (519) 485-4242
Email: not found
End product/capability: Food & Beverage - CFIA licensed | Dairy / cheese / creamery | Local Dairy, Mozzerella Cheese, Cook Cheese, Made by Local Dairy - Oaxaca La Vaquita, If you’re interested in carrying Local Dairy products please
Proof: Listed in the CFIA Safe Food for Canadians licence registry under 2109668 Ontario Limited.
CFIA source: licence 4NNTPPJG; legal name 2109668 Ontario Limited; 42 Garden Park Ave , Scarborough, Ontario, Canada, M1S1Z7
CRM: not found in current CRM name baseline",No named operations/production/maintenance contact found in Codex public research pass.
Low Fat Nutrition Inc.,"Address: 9480 Creditview Rd , Brampton, Ontario, Canada, L6X3E3
Website: https://www.lowfatnutrition.com
Phone: 647-544-5170
Email: not found
End product/capability: Food & Beverage - CFIA licensed | Food processing / licensed food handling | fun food part of a healthy diet with the Smart bun™
Proof: Listed in the CFIA Safe Food for Canadians licence registry under Low Fat Nutrition Inc..
CFIA source: licence 9TXLYPJH; legal name Low Fat Nutrition Inc.; 9480 Creditview Rd , Brampton, Ontario, Canada, L6X3E3
CRM: not found in current CRM name baseline",No named operations/production/maintenance contact found in Codex public research pass.
